split,module,entity,element,array,change,storage old,storage new,kind old,kind new,drive old,drive new,handling old,handling new,occurrences added,facts added (type target @ occurrence),guards rewritten,also changed in scope all
tuning,neorv32_bus,neorv32_bus_reg,clk_i,ports,far end only (gains a driving record),,,,,,,,,,SEQUENCES device_req_o.addr @3; SEQUENCES device_req_o.amo @3; SEQUENCES device_req_o.amoop @3; SEQUENCES device_req_o.ben @3; SEQUENCES device_req_o.data @3; SEQUENCES device_req_o.debug @3; SEQUENCES device_req_o.priv @3; SEQUENCES device_req_o.rw @3; SEQUENCES device_req_o.src @3; SEQUENCES host_rsp_o.ack @5; SEQUENCES host_rsp_o.data @5; SEQUENCES host_rsp_o.err @5,0,yes
tuning,neorv32_bus,neorv32_bus_reg,host_req_i.addr,ports,read (whole-record value),,,,,,,FORWARDS,CONSUMES FORWARDS,2@222,CARRIES device_req_o.addr @2,0,yes
tuning,neorv32_bus,neorv32_bus_reg,host_req_i.data,ports,read (whole-record value),,,,,,,FORWARDS,CONSUMES FORWARDS,2@222,CARRIES device_req_o.data @2,0,yes
tuning,neorv32_bus,neorv32_bus_reg,host_req_i.ben,ports,read (whole-record value),,,,,,,FORWARDS,CONSUMES FORWARDS,2@222,CARRIES device_req_o.ben @2,0,yes
tuning,neorv32_bus,neorv32_bus_reg,host_req_i.stb,ports,read (whole-record value),,,,,,,,,4@222,CARRIES device_req_o.stb @4; GATES device_req_o.addr @2; GATES device_req_o.amo @2; GATES device_req_o.amoop @2; GATES device_req_o.ben @2; GATES device_req_o.data @2; GATES device_req_o.debug @2; GATES device_req_o.fence @2; GATES device_req_o.lock @2; GATES device_req_o.priv @2; GATES device_req_o.rw @2; GATES device_req_o.src @2; GATES device_req_o.stb @2,0,yes
tuning,neorv32_bus,neorv32_bus_reg,host_req_i.rw,ports,read (whole-record value),,,,,,,FORWARDS,CONSUMES FORWARDS,2@222,CARRIES device_req_o.rw @2,0,yes
tuning,neorv32_bus,neorv32_bus_reg,host_req_i.src,ports,read (whole-record value),,,,,,,FORWARDS,CONSUMES FORWARDS,2@222,CARRIES device_req_o.src @2,0,yes
tuning,neorv32_bus,neorv32_bus_reg,host_req_i.priv,ports,read (whole-record value),,,,,,,FORWARDS,CONSUMES FORWARDS,2@222,CARRIES device_req_o.priv @2,0,yes
tuning,neorv32_bus,neorv32_bus_reg,host_req_i.debug,ports,read (whole-record value),,,,,,,FORWARDS,CONSUMES FORWARDS,2@222,CARRIES device_req_o.debug @2,0,yes
tuning,neorv32_bus,neorv32_bus_reg,host_req_i.amo,ports,read (whole-record value),,,,,,,FORWARDS,CONSUMES FORWARDS,2@222,CARRIES device_req_o.amo @2,0,yes
tuning,neorv32_bus,neorv32_bus_reg,host_req_i.amoop,ports,read (whole-record value),,,,,,,FORWARDS,CONSUMES FORWARDS,2@222,CARRIES device_req_o.amoop @2,0,yes
tuning,neorv32_bus,neorv32_bus_reg,host_req_i.lock,ports,read (whole-record value),,,,,,,,,3@222,CARRIES device_req_o.lock @3,0,yes
tuning,neorv32_bus,neorv32_bus_reg,host_req_i.fence,ports,read (whole-record value),,,,,,,,,3@222,CARRIES device_req_o.fence @3,0,yes
tuning,neorv32_bus,neorv32_bus_reg,host_rsp_o.ack,ports,assigned (whole-record target),not assigned,edge,,,undriven,driven,,ORIGINATES,2@246,CLOCKED_BY clk_i @2; COPIES device_rsp_i.ack @2,0,yes
tuning,neorv32_bus,neorv32_bus_reg,host_rsp_o.err,ports,assigned (whole-record target),not assigned,edge,,,undriven,driven,,ORIGINATES,2@246,CLOCKED_BY clk_i @2; COPIES device_rsp_i.err @2,0,yes
tuning,neorv32_bus,neorv32_bus_reg,host_rsp_o.data,ports,assigned (whole-record target),not assigned,edge,,,undriven,driven,,ORIGINATES,2@246,CLOCKED_BY clk_i @2; COPIES device_rsp_i.data @2,0,yes
tuning,neorv32_bus,neorv32_bus_reg,device_req_o.addr,ports,assigned (whole-record target),not assigned,edge,,,undriven,driven,,ORIGINATES,2@222,CLOCKED_BY clk_i @2; COPIES host_req_i.addr @2; GATED_BY host_req_i.stb @2,0,yes
tuning,neorv32_bus,neorv32_bus_reg,device_req_o.data,ports,assigned (whole-record target),not assigned,edge,,,undriven,driven,,ORIGINATES,2@222,CLOCKED_BY clk_i @2; COPIES host_req_i.data @2; GATED_BY host_req_i.stb @2,0,yes
tuning,neorv32_bus,neorv32_bus_reg,device_req_o.ben,ports,assigned (whole-record target),not assigned,edge,,,undriven,driven,,ORIGINATES,2@222,CLOCKED_BY clk_i @2; COPIES host_req_i.ben @2; GATED_BY host_req_i.stb @2,0,yes
tuning,neorv32_bus,neorv32_bus_reg,device_req_o.stb,ports,assigned (whole-record target),,,,,,,,,3@222,CLOCKED_BY clk_i @3; COPIES host_req_i.stb @3; GATED_BY host_req_i.stb @3,0,yes
tuning,neorv32_bus,neorv32_bus_reg,device_req_o.rw,ports,assigned (whole-record target),not assigned,edge,,,undriven,driven,,ORIGINATES,2@222,CLOCKED_BY clk_i @2; COPIES host_req_i.rw @2; GATED_BY host_req_i.stb @2,0,yes
tuning,neorv32_bus,neorv32_bus_reg,device_req_o.src,ports,assigned (whole-record target),not assigned,edge,,,undriven,driven,,ORIGINATES,2@222,CLOCKED_BY clk_i @2; COPIES host_req_i.src @2; GATED_BY host_req_i.stb @2,0,yes
tuning,neorv32_bus,neorv32_bus_reg,device_req_o.priv,ports,assigned (whole-record target),not assigned,edge,,,undriven,driven,,ORIGINATES,2@222,CLOCKED_BY clk_i @2; COPIES host_req_i.priv @2; GATED_BY host_req_i.stb @2,0,yes
tuning,neorv32_bus,neorv32_bus_reg,device_req_o.debug,ports,assigned (whole-record target),not assigned,edge,,,undriven,driven,,ORIGINATES,2@222,CLOCKED_BY clk_i @2; COPIES host_req_i.debug @2; GATED_BY host_req_i.stb @2,0,yes
tuning,neorv32_bus,neorv32_bus_reg,device_req_o.amo,ports,assigned (whole-record target),not assigned,edge,,,undriven,driven,,ORIGINATES,2@222,CLOCKED_BY clk_i @2; COPIES host_req_i.amo @2; GATED_BY host_req_i.stb @2,0,yes
tuning,neorv32_bus,neorv32_bus_reg,device_req_o.amoop,ports,assigned (whole-record target),not assigned,edge,,,undriven,driven,,ORIGINATES,2@222,CLOCKED_BY clk_i @2; COPIES host_req_i.amoop @2; GATED_BY host_req_i.stb @2,0,yes
tuning,neorv32_bus,neorv32_bus_reg,device_req_o.lock,ports,assigned (whole-record target),,,,,,,,,3@222,CLOCKED_BY clk_i @3; COPIES host_req_i.lock @3; GATED_BY host_req_i.stb @3,0,yes
tuning,neorv32_bus,neorv32_bus_reg,device_req_o.fence,ports,assigned (whole-record target),,,,,,,,,3@222,CLOCKED_BY clk_i @3; COPIES host_req_i.fence @3; GATED_BY host_req_i.stb @3,0,yes
tuning,neorv32_bus,neorv32_bus_reg,device_rsp_i.ack,ports,read (whole-record value),,,,,,,FORWARDS,CONSUMES FORWARDS,2@246,CARRIES host_rsp_o.ack @2,0,yes
tuning,neorv32_bus,neorv32_bus_reg,device_rsp_i.err,ports,read (whole-record value),,,,,,,FORWARDS,CONSUMES FORWARDS,2@246,CARRIES host_rsp_o.err @2,0,yes
tuning,neorv32_bus,neorv32_bus_reg,device_rsp_i.data,ports,read (whole-record value),,,,,,,FORWARDS,CONSUMES FORWARDS,2@246,CARRIES host_rsp_o.data @2,0,yes
tuning,neorv32_bus,neorv32_bus_amo_rmw,clk_i,ports,far end only (gains a driving record),,,,,,,,,,SEQUENCES arbiter.cmd @3; SEQUENCES arbiter.rdata @3; SEQUENCES arbiter.state @3; SEQUENCES arbiter.wdata @3,0,yes
tuning,neorv32_bus,neorv32_bus_amo_rmw,arbiter.state,signals,assigned (whole-record target),none,edge,signal,register,,,,,14@763,CLOCKED_BY clk_i @14; COPIES arbiter_nxt.state @14,0,yes
tuning,neorv32_bus,neorv32_bus_amo_rmw,arbiter.cmd,signals,assigned (whole-record target),none,edge,signal,register,,,,,7@763,CLOCKED_BY clk_i @7; COPIES arbiter_nxt.cmd @7,0,yes
tuning,neorv32_bus,neorv32_bus_amo_rmw,arbiter.rdata,signals,assigned (whole-record target),none,edge,signal,register,,,,,11@763,CLOCKED_BY clk_i @11; COPIES arbiter_nxt.rdata @11,0,yes
tuning,neorv32_bus,neorv32_bus_amo_rmw,arbiter.wdata,signals,assigned (whole-record target),none,edge,signal,register,,,,,11@763,CLOCKED_BY clk_i @11; COPIES arbiter_nxt.wdata @11,0,yes
tuning,neorv32_bus,neorv32_bus_amo_rmw,arbiter_nxt.state,signals,read (whole-record value),,,,,,,ORIGINATES FORWARDS,ORIGINATES CONSUMES FORWARDS,8@763,CARRIES arbiter.state @8,0,yes
tuning,neorv32_bus,neorv32_bus_amo_rmw,arbiter_nxt.cmd,signals,read (whole-record value),,,,,,,FORWARDS,CONSUMES FORWARDS,3@763,CARRIES arbiter.cmd @3,0,yes
tuning,neorv32_bus,neorv32_bus_amo_rmw,arbiter_nxt.rdata,signals,read (whole-record value),,,,,,,FORWARDS,CONSUMES FORWARDS,3@763,CARRIES arbiter.rdata @3,0,yes
tuning,neorv32_bus,neorv32_bus_amo_rmw,arbiter_nxt.wdata,signals,read (whole-record value),,,,,,,FORWARDS,CONSUMES FORWARDS,3@763,CARRIES arbiter.wdata @3,0,yes
tuning,neorv32_cache,neorv32_cache,clk_i,ports,far end only (gains a driving record),,,,,,,,,,SEQUENCES ctrl.buf_dir @3; SEQUENCES ctrl.buf_err @3; SEQUENCES ctrl.buf_req @3; SEQUENCES ctrl.buf_sync @3; SEQUENCES ctrl.idx @3; SEQUENCES ctrl.ofs @3; SEQUENCES ctrl.state @3; SEQUENCES ctrl.tag @3,0,yes
tuning,neorv32_cache,neorv32_cache,ctrl.state,signals,assigned (whole-record target),none,edge,signal,register,,,,,5@126,CLOCKED_BY clk_i @5; COPIES ctrl_nxt.state @5,0,yes
tuning,neorv32_cache,neorv32_cache,ctrl.buf_req,signals,assigned (whole-record target),none,edge,signal,register,,,,,5@126,CLOCKED_BY clk_i @5; COPIES ctrl_nxt.buf_req @5,0,yes
tuning,neorv32_cache,neorv32_cache,ctrl.buf_sync,signals,assigned (whole-record target),none,edge,signal,register,,,,,5@126,CLOCKED_BY clk_i @5; COPIES ctrl_nxt.buf_sync @5,0,yes
tuning,neorv32_cache,neorv32_cache,ctrl.buf_err,signals,assigned (whole-record target),none,edge,signal,register,,,,,6@126,CLOCKED_BY clk_i @6; COPIES ctrl_nxt.buf_err @6,0,yes
tuning,neorv32_cache,neorv32_cache,ctrl.buf_dir,signals,assigned (whole-record target),none,edge,signal,register,,,,,4@126,CLOCKED_BY clk_i @4; COPIES ctrl_nxt.buf_dir @4,0,yes
tuning,neorv32_cache,neorv32_cache,ctrl.tag,signals,assigned (whole-record target),none,edge,signal,register,,,,,8@126,CLOCKED_BY clk_i @8; COPIES ctrl_nxt.tag @8,0,yes
tuning,neorv32_cache,neorv32_cache,ctrl.idx,signals,assigned (whole-record target),none,edge,signal,register,,,,,8@126,CLOCKED_BY clk_i @8; COPIES ctrl_nxt.idx @8,0,yes
tuning,neorv32_cache,neorv32_cache,ctrl.ofs,signals,assigned (whole-record target),none,edge,signal,register,,,,,10@126,CLOCKED_BY clk_i @10; COPIES ctrl_nxt.ofs @10,0,yes
tuning,neorv32_cache,neorv32_cache,ctrl_nxt.state,signals,read (whole-record value),,,,,,,ORIGINATES FORWARDS,ORIGINATES CONSUMES FORWARDS,18@126,CARRIES ctrl.state @18,0,yes
tuning,neorv32_cache,neorv32_cache,ctrl_nxt.buf_req,signals,read (whole-record value),,,,,,,ORIGINATES FORWARDS,ORIGINATES CONSUMES FORWARDS,4@126,CARRIES ctrl.buf_req @4,0,yes
tuning,neorv32_cache,neorv32_cache,ctrl_nxt.buf_sync,signals,read (whole-record value),,,,,,,ORIGINATES FORWARDS,ORIGINATES CONSUMES FORWARDS,4@126,CARRIES ctrl.buf_sync @4,0,yes
tuning,neorv32_cache,neorv32_cache,ctrl_nxt.buf_err,signals,read (whole-record value),,,,,,,ORIGINATES FORWARDS,ORIGINATES CONSUMES FORWARDS,5@126,CARRIES ctrl.buf_err @5,0,yes
tuning,neorv32_cache,neorv32_cache,ctrl_nxt.buf_dir,signals,read (whole-record value),,,,,,,ORIGINATES FORWARDS,ORIGINATES CONSUMES FORWARDS,4@126,CARRIES ctrl.buf_dir @4,0,yes
tuning,neorv32_cache,neorv32_cache,ctrl_nxt.tag,signals,read (whole-record value),,,,,,,ORIGINATES FORWARDS,ORIGINATES CONSUMES FORWARDS,4@126,CARRIES ctrl.tag @4,0,yes
tuning,neorv32_cache,neorv32_cache,ctrl_nxt.idx,signals,read (whole-record value),,,,,,,ORIGINATES FORWARDS,ORIGINATES CONSUMES FORWARDS,4@126,CARRIES ctrl.idx @4,0,yes
tuning,neorv32_cache,neorv32_cache,ctrl_nxt.ofs,signals,read (whole-record value),,,,,,,ORIGINATES FORWARDS,ORIGINATES CONSUMES FORWARDS,5@126,CARRIES ctrl.ofs @5,0,yes
heldout,neorv32_cpu_control,neorv32_cpu_control,clk_i,ports,far end only (gains a driving record),,,,,,,,,,SEQUENCES ctrl.alu_cp_alu @5; SEQUENCES ctrl.alu_cp_cfu @5; SEQUENCES ctrl.alu_cp_fpu @5; SEQUENCES ctrl.alu_imm @5; SEQUENCES ctrl.alu_op @5; SEQUENCES ctrl.alu_opa_mux @5; SEQUENCES ctrl.alu_opb_mux @5; SEQUENCES ctrl.alu_sub @5; SEQUENCES ctrl.alu_unsigned @5; SEQUENCES ctrl.cnt_event @5; SEQUENCES ctrl.cnt_halt @5; SEQUENCES ctrl.cpu_debug @5; SEQUENCES ctrl.cpu_priv @5; SEQUENCES ctrl.cpu_sleep @5; SEQUENCES ctrl.cpu_trap @5; SEQUENCES ctrl.csr_addr @5; SEQUENCES ctrl.csr_re @5; SEQUENCES ctrl.csr_wdata @5; SEQUENCES ctrl.csr_we @5; SEQUENCES ctrl.if_ack @5; SEQUENCES ctrl.if_fence @5; SEQUENCES ctrl.if_reset @5; SEQUENCES ctrl.ir_funct12 @5; SEQUENCES ctrl.ir_funct3 @5; SEQUENCES ctrl.ir_opcode @5; SEQUENCES ctrl.lsu_amo @5; SEQUENCES ctrl.lsu_fence @5; SEQUENCES ctrl.lsu_mo_we @5; SEQUENCES ctrl.lsu_priv @5; SEQUENCES ctrl.lsu_req @5; SEQUENCES ctrl.lsu_rw @5; SEQUENCES ctrl.pc_cur @5; SEQUENCES ctrl.pc_nxt @5; SEQUENCES ctrl.pc_ret @5; SEQUENCES ctrl.rf_rd @5; SEQUENCES ctrl.rf_rs1 @5; SEQUENCES ctrl.rf_rs2 @5; SEQUENCES ctrl.rf_wb_en @5; SEQUENCES ctrl.rf_zero_we @5; SEQUENCES exe_engine.ci @5; SEQUENCES exe_engine.ir @5; SEQUENCES exe_engine.pc @5; SEQUENCES exe_engine.pc2 @5; SEQUENCES exe_engine.ra @5; SEQUENCES exe_engine.state @5,0,yes
heldout,neorv32_cpu_control,neorv32_cpu_control,exe_engine.state,signals,assigned (whole-record target),none,edge,signal,register,,,,,24@276,CLOCKED_BY clk_i @24; COPIES exe_engine_nxt.state @24,0,yes
heldout,neorv32_cpu_control,neorv32_cpu_control,exe_engine.ir,signals,assigned (whole-record target),none,edge,signal,register,,,,,65@276,CLOCKED_BY clk_i @65; COPIES exe_engine_nxt.ir @65,0,yes
heldout,neorv32_cpu_control,neorv32_cpu_control,exe_engine.ci,signals,assigned (whole-record target),none,edge,signal,register,,,,,6@276,CLOCKED_BY clk_i @6; COPIES exe_engine_nxt.ci @6,0,yes
heldout,neorv32_cpu_control,neorv32_cpu_control,exe_engine.pc,signals,assigned (whole-record target),none,edge,signal,register,,,,,6@276,CLOCKED_BY clk_i @6; COPIES exe_engine_nxt.pc @6,0,yes
heldout,neorv32_cpu_control,neorv32_cpu_control,exe_engine.pc2,signals,assigned (whole-record target),none,edge,signal,register,,,,,10@276,CLOCKED_BY clk_i @10; COPIES exe_engine_nxt.pc2 @10,0,yes
heldout,neorv32_cpu_control,neorv32_cpu_control,exe_engine.ra,signals,assigned (whole-record target),none,edge,signal,register,,,,,4@276,CLOCKED_BY clk_i @4; COPIES exe_engine_nxt.ra @4,0,yes
heldout,neorv32_cpu_control,neorv32_cpu_control,exe_engine_nxt.state,signals,read (whole-record value),,,,,,,ORIGINATES FORWARDS,ORIGINATES CONSUMES FORWARDS,32@276,CARRIES exe_engine.state @32,0,yes
heldout,neorv32_cpu_control,neorv32_cpu_control,exe_engine_nxt.ir,signals,read (whole-record value),,,,,,,ORIGINATES FORWARDS,ORIGINATES CONSUMES FORWARDS,4@276,CARRIES exe_engine.ir @4,0,yes
heldout,neorv32_cpu_control,neorv32_cpu_control,exe_engine_nxt.ci,signals,read (whole-record value),,,,,,,ORIGINATES FORWARDS,ORIGINATES CONSUMES FORWARDS,4@276,CARRIES exe_engine.ci @4,0,yes
heldout,neorv32_cpu_control,neorv32_cpu_control,exe_engine_nxt.pc,signals,read (whole-record value),,,,,,,ORIGINATES FORWARDS,ORIGINATES CONSUMES FORWARDS,5@276,CARRIES exe_engine.pc @5,0,yes
heldout,neorv32_cpu_control,neorv32_cpu_control,exe_engine_nxt.pc2,signals,read (whole-record value),,,,,,,ORIGINATES FORWARDS,ORIGINATES CONSUMES FORWARDS,11@276,CARRIES exe_engine.pc2 @11,0,yes
heldout,neorv32_cpu_control,neorv32_cpu_control,exe_engine_nxt.ra,signals,read (whole-record value),,,,,,,ORIGINATES FORWARDS,ORIGINATES CONSUMES FORWARDS,4@276,CARRIES exe_engine.ra @4,0,yes
heldout,neorv32_cpu_control,neorv32_cpu_control,ctrl.if_fence,signals,assigned (whole-record target),not assigned,edge,signal,register,,,FORWARDS,ORIGINATES FORWARDS,3@275,CLOCKED_BY clk_i @3; COPIES ctrl_nxt.if_fence @3,0,yes
heldout,neorv32_cpu_control,neorv32_cpu_control,ctrl.if_reset,signals,assigned (whole-record target),not assigned,edge,signal,register,,,,ORIGINATES,2@275,CLOCKED_BY clk_i @2; COPIES ctrl_nxt.if_reset @2,0,yes
heldout,neorv32_cpu_control,neorv32_cpu_control,ctrl.if_ack,signals,assigned (whole-record target),not assigned,edge,signal,register,,,,ORIGINATES,2@275,CLOCKED_BY clk_i @2; COPIES ctrl_nxt.if_ack @2,0,yes
heldout,neorv32_cpu_control,neorv32_cpu_control,ctrl.pc_cur,signals,assigned (whole-record target),not assigned,edge,signal,register,,,,ORIGINATES,2@275,CLOCKED_BY clk_i @2; COPIES ctrl_nxt.pc_cur @2,0,yes
heldout,neorv32_cpu_control,neorv32_cpu_control,ctrl.pc_nxt,signals,assigned (whole-record target),not assigned,edge,signal,register,,,,ORIGINATES,2@275,CLOCKED_BY clk_i @2; COPIES ctrl_nxt.pc_nxt @2,0,yes
heldout,neorv32_cpu_control,neorv32_cpu_control,ctrl.pc_ret,signals,assigned (whole-record target),not assigned,edge,signal,register,,,,ORIGINATES,2@275,CLOCKED_BY clk_i @2; COPIES ctrl_nxt.pc_ret @2,0,yes
heldout,neorv32_cpu_control,neorv32_cpu_control,ctrl.rf_wb_en,signals,assigned (whole-record target),not assigned,edge,signal,register,,,CONSUMES,ORIGINATES CONSUMES,3@275,CLOCKED_BY clk_i @3; COPIES ctrl_nxt.rf_wb_en @3,0,yes
heldout,neorv32_cpu_control,neorv32_cpu_control,ctrl.rf_rs1,signals,assigned (whole-record target),not assigned,edge,signal,register,,,,ORIGINATES,2@275,CLOCKED_BY clk_i @2; COPIES ctrl_nxt.rf_rs1 @2,0,yes
heldout,neorv32_cpu_control,neorv32_cpu_control,ctrl.rf_rs2,signals,assigned (whole-record target),not assigned,edge,signal,register,,,,ORIGINATES,2@275,CLOCKED_BY clk_i @2; COPIES ctrl_nxt.rf_rs2 @2,0,yes
heldout,neorv32_cpu_control,neorv32_cpu_control,ctrl.rf_rd,signals,assigned (whole-record target),not assigned,edge,signal,register,,,,ORIGINATES,2@275,CLOCKED_BY clk_i @2; COPIES ctrl_nxt.rf_rd @2,0,yes
heldout,neorv32_cpu_control,neorv32_cpu_control,ctrl.rf_zero_we,signals,assigned (whole-record target),not assigned,edge,signal,register,,,FORWARDS,ORIGINATES FORWARDS,3@275,CLOCKED_BY clk_i @3; COPIES ctrl_nxt.rf_zero_we @3,0,yes
heldout,neorv32_cpu_control,neorv32_cpu_control,ctrl.alu_op,signals,assigned (whole-record target),not assigned,edge,signal,register,,,FORWARDS,ORIGINATES FORWARDS,3@275,CLOCKED_BY clk_i @3; COPIES ctrl_nxt.alu_op @3,0,yes
heldout,neorv32_cpu_control,neorv32_cpu_control,ctrl.alu_sub,signals,assigned (whole-record target),not assigned,edge,signal,register,,,FORWARDS,ORIGINATES FORWARDS,3@275,CLOCKED_BY clk_i @3; COPIES ctrl_nxt.alu_sub @3,0,yes
heldout,neorv32_cpu_control,neorv32_cpu_control,ctrl.alu_opa_mux,signals,assigned (whole-record target),not assigned,edge,signal,register,,,FORWARDS,ORIGINATES FORWARDS,3@275,CLOCKED_BY clk_i @3; COPIES ctrl_nxt.alu_opa_mux @3,0,yes
heldout,neorv32_cpu_control,neorv32_cpu_control,ctrl.alu_opb_mux,signals,assigned (whole-record target),not assigned,edge,signal,register,,,FORWARDS,ORIGINATES FORWARDS,3@275,CLOCKED_BY clk_i @3; COPIES ctrl_nxt.alu_opb_mux @3,0,yes
heldout,neorv32_cpu_control,neorv32_cpu_control,ctrl.alu_unsigned,signals,assigned (whole-record target),not assigned,edge,signal,register,,,FORWARDS,ORIGINATES FORWARDS,3@275,CLOCKED_BY clk_i @3; COPIES ctrl_nxt.alu_unsigned @3,0,yes
heldout,neorv32_cpu_control,neorv32_cpu_control,ctrl.alu_imm,signals,assigned (whole-record target),not assigned,edge,signal,register,,,,ORIGINATES,2@275,CLOCKED_BY clk_i @2; COPIES ctrl_nxt.alu_imm @2,0,yes
heldout,neorv32_cpu_control,neorv32_cpu_control,ctrl.alu_cp_alu,signals,assigned (whole-record target),not assigned,edge,signal,register,,,FORWARDS,ORIGINATES FORWARDS,3@275,CLOCKED_BY clk_i @3; COPIES ctrl_nxt.alu_cp_alu @3,0,yes
heldout,neorv32_cpu_control,neorv32_cpu_control,ctrl.alu_cp_cfu,signals,assigned (whole-record target),not assigned,edge,signal,register,,,FORWARDS,ORIGINATES FORWARDS,3@275,CLOCKED_BY clk_i @3; COPIES ctrl_nxt.alu_cp_cfu @3,0,yes
heldout,neorv32_cpu_control,neorv32_cpu_control,ctrl.alu_cp_fpu,signals,assigned (whole-record target),not assigned,edge,signal,register,,,FORWARDS,ORIGINATES FORWARDS,3@275,CLOCKED_BY clk_i @3; COPIES ctrl_nxt.alu_cp_fpu @3,0,yes
heldout,neorv32_cpu_control,neorv32_cpu_control,ctrl.lsu_req,signals,assigned (whole-record target),not assigned,edge,signal,register,,,CONSUMES FORWARDS,ORIGINATES CONSUMES FORWARDS,6@275,CLOCKED_BY clk_i @6; COPIES ctrl_nxt.lsu_req @6,0,yes
heldout,neorv32_cpu_control,neorv32_cpu_control,ctrl.lsu_rw,signals,assigned (whole-record target),not assigned,edge,signal,register,,,CONSUMES FORWARDS,ORIGINATES CONSUMES FORWARDS,4@275,CLOCKED_BY clk_i @4; COPIES ctrl_nxt.lsu_rw @4,0,yes
heldout,neorv32_cpu_control,neorv32_cpu_control,ctrl.lsu_amo,signals,assigned (whole-record target),not assigned,edge,signal,register,,,CONSUMES FORWARDS,ORIGINATES CONSUMES FORWARDS,4@275,CLOCKED_BY clk_i @4; COPIES ctrl_nxt.lsu_amo @4,0,yes
heldout,neorv32_cpu_control,neorv32_cpu_control,ctrl.lsu_mo_we,signals,assigned (whole-record target),not assigned,edge,signal,register,,,,ORIGINATES,2@275,CLOCKED_BY clk_i @2; COPIES ctrl_nxt.lsu_mo_we @2,0,yes
heldout,neorv32_cpu_control,neorv32_cpu_control,ctrl.lsu_fence,signals,assigned (whole-record target),not assigned,edge,signal,register,,,FORWARDS,ORIGINATES FORWARDS,3@275,CLOCKED_BY clk_i @3; COPIES ctrl_nxt.lsu_fence @3,0,yes
heldout,neorv32_cpu_control,neorv32_cpu_control,ctrl.lsu_priv,signals,assigned (whole-record target),not assigned,edge,signal,register,,,,ORIGINATES,2@275,CLOCKED_BY clk_i @2; COPIES ctrl_nxt.lsu_priv @2,0,yes
heldout,neorv32_cpu_control,neorv32_cpu_control,ctrl.csr_we,signals,assigned (whole-record target),not assigned,edge,signal,register,,,,ORIGINATES,2@275,CLOCKED_BY clk_i @2; COPIES ctrl_nxt.csr_we @2,0,yes
heldout,neorv32_cpu_control,neorv32_cpu_control,ctrl.csr_re,signals,assigned (whole-record target),not assigned,edge,signal,register,,,,ORIGINATES,2@275,CLOCKED_BY clk_i @2; COPIES ctrl_nxt.csr_re @2,0,yes
heldout,neorv32_cpu_control,neorv32_cpu_control,ctrl.csr_addr,signals,assigned (whole-record target),not assigned,edge,signal,register,,,,ORIGINATES,2@275,CLOCKED_BY clk_i @2; COPIES ctrl_nxt.csr_addr @2,0,yes
heldout,neorv32_cpu_control,neorv32_cpu_control,ctrl.csr_wdata,signals,assigned (whole-record target),not assigned,edge,signal,register,,,,ORIGINATES,2@275,CLOCKED_BY clk_i @2; COPIES ctrl_nxt.csr_wdata @2,0,yes
heldout,neorv32_cpu_control,neorv32_cpu_control,ctrl.cnt_halt,signals,assigned (whole-record target),not assigned,edge,signal,register,,,,ORIGINATES,2@275,CLOCKED_BY clk_i @2; COPIES ctrl_nxt.cnt_halt @2,0,yes
heldout,neorv32_cpu_control,neorv32_cpu_control,ctrl.cnt_event,signals,assigned (whole-record target),not assigned,edge,signal,register,,,,ORIGINATES,2@275,CLOCKED_BY clk_i @2; COPIES ctrl_nxt.cnt_event @2,0,yes
heldout,neorv32_cpu_control,neorv32_cpu_control,ctrl.ir_funct3,signals,assigned (whole-record target),not assigned,edge,signal,register,,,,ORIGINATES,2@275,CLOCKED_BY clk_i @2; COPIES ctrl_nxt.ir_funct3 @2,0,yes
heldout,neorv32_cpu_control,neorv32_cpu_control,ctrl.ir_funct12,signals,assigned (whole-record target),not assigned,edge,signal,register,,,,ORIGINATES,2@275,CLOCKED_BY clk_i @2; COPIES ctrl_nxt.ir_funct12 @2,0,yes
heldout,neorv32_cpu_control,neorv32_cpu_control,ctrl.ir_opcode,signals,assigned (whole-record target),not assigned,edge,signal,register,,,,ORIGINATES,2@275,CLOCKED_BY clk_i @2; COPIES ctrl_nxt.ir_opcode @2,0,yes
heldout,neorv32_cpu_control,neorv32_cpu_control,ctrl.cpu_priv,signals,assigned (whole-record target),not assigned,edge,signal,register,,,,ORIGINATES,2@275,CLOCKED_BY clk_i @2; COPIES ctrl_nxt.cpu_priv @2,0,yes
heldout,neorv32_cpu_control,neorv32_cpu_control,ctrl.cpu_sleep,signals,assigned (whole-record target),not assigned,edge,signal,register,,,,ORIGINATES,2@275,CLOCKED_BY clk_i @2; COPIES ctrl_nxt.cpu_sleep @2,0,yes
heldout,neorv32_cpu_control,neorv32_cpu_control,ctrl.cpu_trap,signals,assigned (whole-record target),not assigned,edge,signal,register,,,,ORIGINATES,2@275,CLOCKED_BY clk_i @2; COPIES ctrl_nxt.cpu_trap @2,0,yes
heldout,neorv32_cpu_control,neorv32_cpu_control,ctrl.cpu_debug,signals,assigned (whole-record target),not assigned,edge,signal,register,,,,ORIGINATES,2@275,CLOCKED_BY clk_i @2; COPIES ctrl_nxt.cpu_debug @2,0,yes
heldout,neorv32_cpu_control,neorv32_cpu_control,ctrl_nxt.if_fence,signals,read (whole-record value),,,,,,,ORIGINATES FORWARDS,ORIGINATES CONSUMES FORWARDS,3@275,CARRIES ctrl.if_fence @3,0,yes
heldout,neorv32_cpu_control,neorv32_cpu_control,ctrl_nxt.if_reset,signals,read (whole-record value),,,,,,,FORWARDS,CONSUMES FORWARDS,2@275,CARRIES ctrl.if_reset @2,0,yes
heldout,neorv32_cpu_control,neorv32_cpu_control,ctrl_nxt.if_ack,signals,read (whole-record value),,,,,,,FORWARDS,CONSUMES FORWARDS,2@275,CARRIES ctrl.if_ack @2,0,yes
heldout,neorv32_cpu_control,neorv32_cpu_control,ctrl_nxt.pc_cur,signals,read (whole-record value),,,,,,,FORWARDS,CONSUMES FORWARDS,2@275,CARRIES ctrl.pc_cur @2,0,yes
heldout,neorv32_cpu_control,neorv32_cpu_control,ctrl_nxt.pc_nxt,signals,read (whole-record value),,,,,,,FORWARDS,CONSUMES FORWARDS,2@275,CARRIES ctrl.pc_nxt @2,0,yes
heldout,neorv32_cpu_control,neorv32_cpu_control,ctrl_nxt.pc_ret,signals,read (whole-record value),,,,,,,FORWARDS,CONSUMES FORWARDS,2@275,CARRIES ctrl.pc_ret @2,0,yes
heldout,neorv32_cpu_control,neorv32_cpu_control,ctrl_nxt.rf_wb_en,signals,read (whole-record value),,,,,,,ORIGINATES FORWARDS,ORIGINATES CONSUMES FORWARDS,9@275,CARRIES ctrl.rf_wb_en @9,0,yes
heldout,neorv32_cpu_control,neorv32_cpu_control,ctrl_nxt.rf_rs1,signals,read (whole-record value),,,,,,,FORWARDS,CONSUMES FORWARDS,2@275,CARRIES ctrl.rf_rs1 @2,0,yes
heldout,neorv32_cpu_control,neorv32_cpu_control,ctrl_nxt.rf_rs2,signals,read (whole-record value),,,,,,,FORWARDS,CONSUMES FORWARDS,2@275,CARRIES ctrl.rf_rs2 @2,0,yes
heldout,neorv32_cpu_control,neorv32_cpu_control,ctrl_nxt.rf_rd,signals,read (whole-record value),,,,,,,FORWARDS,CONSUMES FORWARDS,2@275,CARRIES ctrl.rf_rd @2,0,yes
heldout,neorv32_cpu_control,neorv32_cpu_control,ctrl_nxt.rf_zero_we,signals,read (whole-record value),,,,,,,ORIGINATES FORWARDS,ORIGINATES CONSUMES FORWARDS,3@275,CARRIES ctrl.rf_zero_we @3,0,yes
heldout,neorv32_cpu_control,neorv32_cpu_control,ctrl_nxt.alu_op,signals,read (whole-record value),,,,,,,ORIGINATES FORWARDS,ORIGINATES CONSUMES FORWARDS,12@275,CARRIES ctrl.alu_op @12,0,yes
heldout,neorv32_cpu_control,neorv32_cpu_control,ctrl_nxt.alu_sub,signals,read (whole-record value),,,,,,,ORIGINATES FORWARDS,ORIGINATES CONSUMES FORWARDS,3@275,CARRIES ctrl.alu_sub @3,0,yes
heldout,neorv32_cpu_control,neorv32_cpu_control,ctrl_nxt.alu_opa_mux,signals,read (whole-record value),,,,,,,ORIGINATES FORWARDS,ORIGINATES CONSUMES FORWARDS,5@275,CARRIES ctrl.alu_opa_mux @5,0,yes
heldout,neorv32_cpu_control,neorv32_cpu_control,ctrl_nxt.alu_opb_mux,signals,read (whole-record value),,,,,,,ORIGINATES FORWARDS,ORIGINATES CONSUMES FORWARDS,5@275,CARRIES ctrl.alu_opb_mux @5,0,yes
heldout,neorv32_cpu_control,neorv32_cpu_control,ctrl_nxt.alu_unsigned,signals,read (whole-record value),,,,,,,ORIGINATES FORWARDS,ORIGINATES CONSUMES FORWARDS,4@275,CARRIES ctrl.alu_unsigned @4,0,yes
heldout,neorv32_cpu_control,neorv32_cpu_control,ctrl_nxt.alu_imm,signals,read (whole-record value),,,,,,,FORWARDS,CONSUMES FORWARDS,2@275,CARRIES ctrl.alu_imm @2,0,yes
heldout,neorv32_cpu_control,neorv32_cpu_control,ctrl_nxt.alu_cp_alu,signals,read (whole-record value),,,,,,,ORIGINATES FORWARDS,ORIGINATES CONSUMES FORWARDS,3@275,CARRIES ctrl.alu_cp_alu @3,0,yes
heldout,neorv32_cpu_control,neorv32_cpu_control,ctrl_nxt.alu_cp_cfu,signals,read (whole-record value),,,,,,,ORIGINATES FORWARDS,ORIGINATES CONSUMES FORWARDS,3@275,CARRIES ctrl.alu_cp_cfu @3,0,yes
heldout,neorv32_cpu_control,neorv32_cpu_control,ctrl_nxt.alu_cp_fpu,signals,read (whole-record value),,,,,,,ORIGINATES FORWARDS,ORIGINATES CONSUMES FORWARDS,3@275,CARRIES ctrl.alu_cp_fpu @3,0,yes
heldout,neorv32_cpu_control,neorv32_cpu_control,ctrl_nxt.lsu_req,signals,read (whole-record value),,,,,,,ORIGINATES FORWARDS,ORIGINATES CONSUMES FORWARDS,3@275,CARRIES ctrl.lsu_req @3,0,yes
heldout,neorv32_cpu_control,neorv32_cpu_control,ctrl_nxt.lsu_rw,signals,read (whole-record value),,,,,,,ORIGINATES FORWARDS,ORIGINATES CONSUMES FORWARDS,5@275,CARRIES ctrl.lsu_rw @5,0,yes
heldout,neorv32_cpu_control,neorv32_cpu_control,ctrl_nxt.lsu_amo,signals,read (whole-record value),,,,,,,ORIGINATES FORWARDS,ORIGINATES CONSUMES FORWARDS,5@275,CARRIES ctrl.lsu_amo @5,0,yes
heldout,neorv32_cpu_control,neorv32_cpu_control,ctrl_nxt.lsu_mo_we,signals,read (whole-record value),,,,,,,FORWARDS,CONSUMES FORWARDS,2@275,CARRIES ctrl.lsu_mo_we @2,0,yes
heldout,neorv32_cpu_control,neorv32_cpu_control,ctrl_nxt.lsu_fence,signals,read (whole-record value),,,,,,,ORIGINATES FORWARDS,ORIGINATES CONSUMES FORWARDS,3@275,CARRIES ctrl.lsu_fence @3,0,yes
heldout,neorv32_cpu_control,neorv32_cpu_control,ctrl_nxt.lsu_priv,signals,read (whole-record value),,,,,,,FORWARDS,CONSUMES FORWARDS,2@275,CARRIES ctrl.lsu_priv @2,0,yes
heldout,neorv32_cpu_control,neorv32_cpu_control,ctrl_nxt.csr_we,signals,read (whole-record value),,,,,,,FORWARDS,CONSUMES FORWARDS,2@275,CARRIES ctrl.csr_we @2,0,yes
heldout,neorv32_cpu_control,neorv32_cpu_control,ctrl_nxt.csr_re,signals,read (whole-record value),,,,,,,FORWARDS,CONSUMES FORWARDS,2@275,CARRIES ctrl.csr_re @2,0,yes
heldout,neorv32_cpu_control,neorv32_cpu_control,ctrl_nxt.csr_addr,signals,read (whole-record value),,,,,,,FORWARDS,CONSUMES FORWARDS,2@275,CARRIES ctrl.csr_addr @2,0,yes
heldout,neorv32_cpu_control,neorv32_cpu_control,ctrl_nxt.csr_wdata,signals,read (whole-record value),,,,,,,FORWARDS,CONSUMES FORWARDS,2@275,CARRIES ctrl.csr_wdata @2,0,yes
heldout,neorv32_cpu_control,neorv32_cpu_control,ctrl_nxt.cnt_halt,signals,read (whole-record value),,,,,,,FORWARDS,CONSUMES FORWARDS,2@275,CARRIES ctrl.cnt_halt @2,0,yes
heldout,neorv32_cpu_control,neorv32_cpu_control,ctrl_nxt.cnt_event,signals,read (whole-record value),,,,,,,FORWARDS,CONSUMES FORWARDS,2@275,CARRIES ctrl.cnt_event @2,0,yes
heldout,neorv32_cpu_control,neorv32_cpu_control,ctrl_nxt.ir_funct3,signals,read (whole-record value),,,,,,,FORWARDS,CONSUMES FORWARDS,2@275,CARRIES ctrl.ir_funct3 @2,0,yes
heldout,neorv32_cpu_control,neorv32_cpu_control,ctrl_nxt.ir_funct12,signals,read (whole-record value),,,,,,,FORWARDS,CONSUMES FORWARDS,2@275,CARRIES ctrl.ir_funct12 @2,0,yes
heldout,neorv32_cpu_control,neorv32_cpu_control,ctrl_nxt.ir_opcode,signals,read (whole-record value),,,,,,,FORWARDS,CONSUMES FORWARDS,2@275,CARRIES ctrl.ir_opcode @2,0,yes
heldout,neorv32_cpu_control,neorv32_cpu_control,ctrl_nxt.cpu_priv,signals,read (whole-record value),,,,,,,FORWARDS,CONSUMES FORWARDS,2@275,CARRIES ctrl.cpu_priv @2,0,yes
heldout,neorv32_cpu_control,neorv32_cpu_control,ctrl_nxt.cpu_sleep,signals,read (whole-record value),,,,,,,FORWARDS,CONSUMES FORWARDS,2@275,CARRIES ctrl.cpu_sleep @2,0,yes
heldout,neorv32_cpu_control,neorv32_cpu_control,ctrl_nxt.cpu_trap,signals,read (whole-record value),,,,,,,FORWARDS,CONSUMES FORWARDS,2@275,CARRIES ctrl.cpu_trap @2,0,yes
heldout,neorv32_cpu_control,neorv32_cpu_control,ctrl_nxt.cpu_debug,signals,read (whole-record value),,,,,,,FORWARDS,CONSUMES FORWARDS,2@275,CARRIES ctrl.cpu_debug @2,0,yes
